[{"uid":"blt698a4e06163f797c","content_type":"image/svg+xml","file_size":"706","tags":[],"filename":"bucket1.svg","url":"https://images.contentstack.io/v3/assets/bltd5108a60cd620ec1/blt698a4e06163f797c/602633e2259d063ffea71200/bucket1.svg","ACL":{},"is_dir":false,"parent_uid":"blt5c54c0ec56cedfde","_version":1,"title":"bucket1.svg","publish_details":[{"environment":"blt3dfe0ed2ddf5fb14","locale":"en-us","time":"2021-03-05T09:23:52.906Z","user":"bltf01cfddcefa2394d","version":2},{"environment":"blt6f4046f0d8dea679","locale":"en-us","time":"2021-03-05T09:23:52.906Z","user":"bltf01cfddcefa2394d","version":2}]},{"uid":"blt698a4e06163f797c","content_type":"image/svg+xml","file_size":"706","tags":[],"filename":"artificial-intelligence.svg","url":"https://images.contentstack.io/v3/assets/bltd5108a60cd620ec1/blt698a4e06163f797c/6041f878a8c6585cda24b91d/artificial-intelligence.svg","ACL":{},"is_dir":false,"parent_uid":"blt5c54c0ec56cedfde","_version":2,"title":"Artificial Intelligence.svg","description":"","publish_details":[{"environment":"blt3dfe0ed2ddf5fb14","locale":"en-us","time":"2021-03-05T09:23:52.906Z","user":"bltf01cfddcefa2394d","version":2},{"environment":"blt6f4046f0d8dea679","locale":"en-us","time":"2021-03-05T09:23:52.906Z","user":"bltf01cfddcefa2394d","version":2}]}]