[{"uid":"blt6cc63900ecd1d9e4","content_type":"image/svg+xml","file_size":"579","tags":[],"filename":"Icon_Artwork_1.svg","url":"https://images.contentstack.io/v3/assets/bltd5108a60cd620ec1/blt6cc63900ecd1d9e4/602633c8505c757773befb26/Icon_Artwork_1.svg","ACL":{},"is_dir":false,"parent_uid":"blt8d564f31a6865f94","_version":1,"title":"Icon_Artwork_1.svg","publish_details":[{"environment":"blt3dfe0ed2ddf5fb14","locale":"en-us","time":"2021-02-12T07:54:17.693Z","user":"blt161e02c9fffa78f6","version":1},{"environment":"blt6f4046f0d8dea679","locale":"en-us","time":"2021-02-12T07:54:17.701Z","user":"blt161e02c9fffa78f6","version":1}]}]