[{"uid":"blt7f5c978f5f8953d4","content_type":"image/svg+xml","file_size":"128164","tags":[],"filename":"thomas-crane.svg","url":"https://images.contentstack.io/v3/assets/bltd5108a60cd620ec1/blt7f5c978f5f8953d4/6041e05d982f2a0bdaf5ba38/thomas-crane.svg","ACL":{},"is_dir":false,"parent_uid":"blt8d564f31a6865f94","_version":1,"title":"thomas-crane.svg","publish_details":[{"environment":"blt3dfe0ed2ddf5fb14","locale":"en-us","time":"2021-03-05T07:43:56.909Z","user":"bltd5d70bb484fce3ae","version":1},{"environment":"blt6f4046f0d8dea679","locale":"en-us","time":"2021-03-05T07:43:56.916Z","user":"bltd5d70bb484fce3ae","version":1}]}]