[{"uid":"blte3474b23dfd48ef0","content_type":"image/jpeg","file_size":"2850","tags":[],"filename":"ben.jpeg","url":"https://images.contentstack.io/v3/assets/bltd5108a60cd620ec1/blte3474b23dfd48ef0/602239b1afcf563564a57431/ben.jpeg","ACL":{},"is_dir":false,"parent_uid":"bltb694a1c53fb70657","_version":1,"title":"ben.jpeg","publish_details":[{"environment":"blt3dfe0ed2ddf5fb14","locale":"en-us","time":"2021-02-09T07:28:51.316Z","user":"blt3167f0a16386ed8e","version":1},{"environment":"blt6f4046f0d8dea679","locale":"en-us","time":"2021-02-09T07:28:51.317Z","user":"blt3167f0a16386ed8e","version":1}]}]