[{"uid":"blt78b6f36895738abe","content_type":"image/png","file_size":"3938","tags":[],"filename":"cslogo.png","url":"https://images.contentstack.io/v3/assets/bltd5108a60cd620ec1/blt78b6f36895738abe/602239979d69eb3c868a2ec8/cslogo.png","ACL":{},"is_dir":false,"parent_uid":"bltb3bdb661fd4b1cc7","_version":1,"title":"cslogo.png","publish_details":[{"environment":"blt3dfe0ed2ddf5fb14","locale":"en-us","time":"2021-02-09T07:28:25.314Z","user":"blt3167f0a16386ed8e","version":1},{"environment":"blt6f4046f0d8dea679","locale":"en-us","time":"2021-02-09T07:28:25.314Z","user":"blt3167f0a16386ed8e","version":1}]}]