[{"uid":"blt51928c2a1014f585","content_type":"image/svg+xml","file_size":"1314","tags":[],"filename":"bucket2.svg","url":"https://images.contentstack.io/v3/assets/bltd5108a60cd620ec1/blt51928c2a1014f585/602633e2c5cb9e7774e07197/bucket2.svg","ACL":{},"is_dir":false,"parent_uid":"blt5c54c0ec56cedfde","_version":1,"title":"bucket2.svg","publish_details":[{"environment":"blt3dfe0ed2ddf5fb14","locale":"en-us","time":"2021-03-05T09:24:44.475Z","user":"bltf01cfddcefa2394d","version":2},{"environment":"blt6f4046f0d8dea679","locale":"en-us","time":"2021-03-05T09:24:44.476Z","user":"bltf01cfddcefa2394d","version":2}]},{"uid":"blt51928c2a1014f585","content_type":"image/svg+xml","file_size":"1314","tags":[],"filename":"cloud-computing.svg","url":"https://images.contentstack.io/v3/assets/bltd5108a60cd620ec1/blt51928c2a1014f585/6041f8d52d310e5a62e17de9/cloud-computing.svg","ACL":{},"is_dir":false,"parent_uid":"blt5c54c0ec56cedfde","_version":2,"title":"Cloud Computing","description":"","publish_details":[{"environment":"blt3dfe0ed2ddf5fb14","locale":"en-us","time":"2021-03-05T09:24:44.475Z","user":"bltf01cfddcefa2394d","version":2},{"environment":"blt6f4046f0d8dea679","locale":"en-us","time":"2021-03-05T09:24:44.476Z","user":"bltf01cfddcefa2394d","version":2}]}]