[{"uid":"blt489f1f2dae6e4e1b","content_type":"image/svg+xml","file_size":"47003","tags":[],"filename":"Images_(1).svg","url":"https://images.contentstack.io/v3/assets/bltd5108a60cd620ec1/blt489f1f2dae6e4e1b/6024f1e261513a1aa74764cb/Images_(1).svg","ACL":{},"is_dir":false,"parent_uid":"bltae711ace911ffd90","_version":1,"title":"Images_(1).svg","publish_details":[{"environment":"blt3dfe0ed2ddf5fb14","locale":"en-us","time":"2021-03-05T07:16:06.793Z","user":"bltf01cfddcefa2394d","version":4},{"environment":"blt6f4046f0d8dea679","locale":"en-us","time":"2021-03-05T07:16:06.793Z","user":"bltf01cfddcefa2394d","version":4}]},{"uid":"blt489f1f2dae6e4e1b","content_type":"image/svg+xml","file_size":"47003","tags":[],"filename":"Images_(1).svg","url":"https://images.contentstack.io/v3/assets/bltd5108a60cd620ec1/blt489f1f2dae6e4e1b/6024f1e261513a1aa74764cb/Images_(1).svg","ACL":{},"is_dir":false,"parent_uid":"bltae711ace911ffd90","_version":2,"title":"modern-cloud-ecosystem.svg","description":"","publish_details":[{"environment":"blt3dfe0ed2ddf5fb14","locale":"en-us","time":"2021-03-05T07:16:06.793Z","user":"bltf01cfddcefa2394d","version":4},{"environment":"blt6f4046f0d8dea679","locale":"en-us","time":"2021-03-05T07:16:06.793Z","user":"bltf01cfddcefa2394d","version":4}]},{"uid":"blt489f1f2dae6e4e1b","content_type":"image/svg+xml","file_size":"47003","tags":[],"filename":"modern-cloud-ecosystem.svg","url":"https://images.contentstack.io/v3/assets/bltd5108a60cd620ec1/blt489f1f2dae6e4e1b/6041d7c6acf0d53d70c5c01d/modern-cloud-ecosystem.svg","ACL":{},"is_dir":false,"parent_uid":"bltae711ace911ffd90","_version":3,"title":"modern-cloud-ecosystem.svg","description":"","publish_details":[{"environment":"blt3dfe0ed2ddf5fb14","locale":"en-us","time":"2021-03-05T07:16:06.793Z","user":"bltf01cfddcefa2394d","version":4},{"environment":"blt6f4046f0d8dea679","locale":"en-us","time":"2021-03-05T07:16:06.793Z","user":"bltf01cfddcefa2394d","version":4}]},{"uid":"blt489f1f2dae6e4e1b","content_type":"image/svg+xml","file_size":"47003","tags":[],"filename":"modern-cloud-ecosystem.svg","url":"https://images.contentstack.io/v3/assets/bltd5108a60cd620ec1/blt489f1f2dae6e4e1b/6041d7c6acf0d53d70c5c01d/modern-cloud-ecosystem.svg","ACL":{},"is_dir":false,"parent_uid":"bltae711ace911ffd90","_version":4,"title":"Modern Cloud Ecosystem","description":"","publish_details":[{"environment":"blt3dfe0ed2ddf5fb14","locale":"en-us","time":"2021-03-05T07:16:06.793Z","user":"bltf01cfddcefa2394d","version":4},{"environment":"blt6f4046f0d8dea679","locale":"en-us","time":"2021-03-05T07:16:06.793Z","user":"bltf01cfddcefa2394d","version":4}]}]